seed,step,snapshot_file,T1_true,T1_pred_head,T1_pred_z_ridge,T2_true,T2_pred_head,T2_pred_z_ridge,I_true,I_pred_head,I_pred_z_ridge,R_true,R_pred_head,R_pred_z_ridge,M_true,M_pred_head,M_pred_z_ridge,K_true,K_pred_head,K_pred_z_ridge,S_true,S_pred_head,S_pred_z_ridge
104,0,examples/runs/seed_104/snapshots/grid_001.npy,0.88143176,0.5468439,0.63304126,0.444337,0.6014816,0.68817776,0.53414845,0.18094568,0.22258441,0.5652196,0.2060602,0.24697901,0.56204665,0.17810419,0.20352033,0.36974075,0.13308337,0.15145305,0.3804112,0.15266266,0.17026764
104,1,examples/runs/seed_104/snapshots/grid_002.npy,0.62567294,0.5952043,0.7147191,0.26810408,0.62882364,0.7535887,0.32415375,0.2126076,0.26714778,0.33566144,0.2378141,0.30515617,0.3352383,0.19841804,0.2496636,0.23137584,0.14847034,0.17694393,0.22674777,0.16171655,0.19204557
104,2,examples/runs/seed_104/snapshots/grid_003.npy,0.7302751,0.59325695,0.703994,0.27787527,0.6277113,0.75259733,0.30577734,0.21143943,0.26404276,0.31196734,0.23680459,0.30285257,0.31665337,0.19777095,0.24769515,0.21683174,0.1479308,0.17311436,0.21476784,0.16141017,0.19023356
104,3,examples/runs/seed_104/snapshots/grid_004.npy,0.7820508,0.6026778,0.71586967,0.25871083,0.63293874,0.69839674,0.27220157,0.21736702,0.2603564,0.2817803,0.24378498,0.29617798,0.2874849,0.20200288,0.24179484,0.2008017,0.15107743,0.17163089,0.19527681,0.16331583,0.18311195
104,4,examples/runs/seed_104/snapshots/grid_005.npy,0.8343705,0.63385576,0.7663365,0.2479162,0.6511356,0.71906763,0.27883503,0.23774588,0.28385448,0.2731366,0.26402926,0.32731578,0.27788764,0.2150638,0.27030674,0.20146051,0.16115548,0.18385512,0.18344267,0.16907635,0.19395527
104,5,examples/runs/seed_104/snapshots/grid_006.npy,0.8401945,0.6361365,0.77007633,0.23411983,0.65234333,0.69831204,0.27393708,0.23931852,0.28136396,0.25802365,0.26598912,0.32239836,0.26153246,0.21604092,0.26473325,0.19894575,0.16197893,0.18361977,0.16835755,0.16952154,0.19083774
104,6,examples/runs/seed_104/snapshots/grid_007.npy,0.83324736,0.6648859,0.7995309,0.22351317,0.66825414,0.7567443,0.26708713,0.25775605,0.30677626,0.24503146,0.28529388,0.3573193,0.23967507,0.22801477,0.28243414,0.19060305,0.17082518,0.20111309,0.15528092,0.1743711,0.20347545
104,7,examples/runs/seed_104/snapshots/grid_008.npy,0.839254,0.6757121,0.8147321,0.22466253,0.6728661,0.70271844,0.27079833,0.26337594,0.30387834,0.23909485,0.29256663,0.35109776,0.23266304,0.23319606,0.2852575,0.19411692,0.17405286,0.19644806,0.14819571,0.17666736,0.1979012
104,8,examples/runs/seed_104/snapshots/grid_009.npy,0.9375255,0.694833,0.8336521,0.25166965,0.6805217,0.827384,0.29725072,0.27394995,0.33448285,0.2611567,0.30478987,0.3957005,0.24704082,0.24142969,0.30968404,0.2139357,0.17922664,0.2152673,0.1588049,0.18005016,0.21871611
104,9,examples/runs/seed_104/snapshots/grid_010.npy,0.998044,0.69285583,0.8249407,0.26200253,0.68000484,0.79901147,0.31664664,0.2731941,0.32637975,0.27834925,0.303995,0.38465068,0.25877845,0.24076414,0.30053234,0.22564776,0.1789377,0.20964085,0.16452545,0.17977351,0.21259235
104,10,examples/runs/seed_104/snapshots/grid_011.npy,0.9765854,0.71424913,0.8531959,0.25548023,0.6897427,0.81137973,0.31895474,0.2843269,0.33977655,0.27495253,0.3184453,0.40086073,0.25481394,0.2503867,0.3121175,0.22793451,0.18513326,0.2191813,0.15905404,0.18405977,0.21868315
104,11,examples/runs/seed_104/snapshots/grid_012.npy,0.98254764,0.729701,0.8640105,0.26153964,0.69714004,0.8486105,0.32353476,0.29147232,0.35136312,0.27845484,0.32888347,0.4163142,0.25413355,0.25674668,0.31831777,0.234134,0.18948439,0.22693467,0.15889542,0.18729585,0.22511725
104,12,examples/runs/seed_104/snapshots/grid_013.npy,0.97616446,0.75883967,0.881983,0.26627716,0.71203196,0.8041029,0.32349104,0.30452487,0.35346854,0.28069243,0.3488027,0.41599485,0.25348577,0.2683321,0.31537658,0.23531115,0.19773547,0.22971846,0.15745457,0.1936898,0.22068854
104,13,examples/runs/seed_104/snapshots/grid_014.npy,0.95054805,0.7963183,0.91399986,0.2660505,0.73149794,0.8030976,0.3246674,0.32129157,0.36683285,0.27935982,0.37276816,0.43539205,0.24398763,0.2836602,0.33397704,0.23159312,0.20815082,0.23430094,0.15317553,0.20200336,0.22516303
104,14,examples/runs/seed_104/snapshots/grid_015.npy,0.9862763,0.83391106,0.9308513,0.2874927,0.7516607,0.8004728,0.3396479,0.33921733,0.37732133,0.29411536,0.3974184,0.450569,0.2540218,0.29958105,0.33657935,0.23766778,0.21890354,0.24039552,0.15922697,0.21016875,0.22556439
104,15,examples/runs/seed_104/snapshots/grid_016.npy,1.0310056,0.85177195,0.9474914,0.30786577,0.76067215,0.7549022,0.35769343,0.3490022,0.37541732,0.31323037,0.4072943,0.44797224,0.2633836,0.30783734,0.33856046,0.24674587,0.22398123,0.24024694,0.16686702,0.21374269,0.22199458
104,16,examples/runs/seed_104/snapshots/grid_017.npy,1.0733347,0.86238587,0.96767086,0.32622182,0.7660065,0.7696271,0.37546146,0.3543917,0.38407013,0.33245933,0.41274709,0.45702222,0.27459818,0.31205252,0.3460162,0.2566564,0.22668375,0.2472544,0.1746186,0.21572599,0.22736926
104,17,examples/runs/seed_104/snapshots/grid_018.npy,1.0593718,0.9021195,0.99384016,0.32620522,0.7861169,0.745868,0.37592432,0.37452036,0.3925278,0.33555087,0.4337049,0.46993345,0.27600166,0.329851,0.36054757,0.2600593,0.23799422,0.24988686,0.17354356,0.22359437,0.22861771
104,18,examples/runs/seed_104/snapshots/grid_019.npy,1.0529968,0.91685164,0.99243236,0.33458066,0.7966838,0.8262066,0.38059792,0.38283354,0.40897313,0.34070194,0.44574723,0.4951508,0.27539578,0.335435,0.36824343,0.26121378,0.24366865,0.25841105,0.17428152,0.22707479,0.23890503
104,19,examples/runs/seed_104/snapshots/grid_020.npy,1.0410349,0.95026004,1.0331993,0.3404343,0.8150377,0.77082795,0.38321188,0.40124685,0.41757524,0.3432923,0.47602984,0.5092914,0.27495563,0.34995073,0.38437986,0.2618978,0.25441,0.26251578,0.17376871,0.23423968,0.23768596
104,20,examples/runs/seed_104/snapshots/grid_021.npy,1.058347,0.9583384,1.0311823,0.3579153,0.82032144,0.8342201,0.39472568,0.40695345,0.4292782,0.35579035,0.48493817,0.5270664,0.2804202,0.3541584,0.3869876,0.26635835,0.2576431,0.27094758,0.17826945,0.23629007,0.24576607
104,21,examples/runs/seed_104/snapshots/grid_022.npy,1.0743276,0.97061825,1.055684,0.37776318,0.8279233,0.73024327,0.40461877,0.414079,0.41919634,0.36823446,0.49852595,0.5121775,0.28486806,0.36276445,0.38582852,0.27146134,0.2623147,0.26678556,0.18312925,0.23992917,0.23571773
104,22,examples/runs/seed_104/snapshots/grid_023.npy,1.0730264,0.97995925,1.0610198,0.38758978,0.8324437,0.7729471,0.4106999,0.4188765,0.43064433,0.3749539,0.50727314,0.5308623,0.28484976,0.3694642,0.3992283,0.27251145,0.26568028,0.2712255,0.18462397,0.24300615,0.24334405
104,23,examples/runs/seed_104/snapshots/grid_024.npy,1.0887663,0.98891264,1.0720646,0.40492216,0.8339495,0.7678296,0.42244884,0.4235277,0.4366754,0.3869476,0.51676464,0.5388758,0.28779227,0.37736207,0.40063542,0.2767093,0.2693196,0.27839133,0.18916677,0.24680722,0.24470434
104,24,examples/runs/seed_104/snapshots/grid_025.npy,1.1052728,0.9970363,1.0758414,0.4231467,0.8371289,0.767834,0.43398538,0.4282979,0.4392658,0.4000135,0.52477133,0.5431468,0.29151097,0.38430858,0.40054035,0.28072467,0.27264783,0.28352663,0.1941048,0.24983658,0.24620828
104,25,examples/runs/seed_104/snapshots/grid_026.npy,1.1454766,1.0066005,1.080313,0.44972232,0.84070694,0.7419301,0.45380318,0.4329307,0.43827504,0.4218325,0.5324417,0.5438912,0.3021895,0.3916526,0.39756593,0.28970698,0.27576002,0.28491616,0.2032338,0.2532122,0.24308571
104,26,examples/runs/seed_104/snapshots/grid_027.npy,1.1476693,1.0205536,1.0725228,0.46009082,0.84791994,0.7600034,0.45947123,0.44137308,0.44303694,0.4299828,0.5443512,0.55297923,0.30349874,0.4030572,0.3952111,0.2939079,0.28111964,0.2891131,0.20590812,0.25827616,0.24481045
104,27,examples/runs/seed_104/snapshots/grid_028.npy,1.1460897,1.0395663,1.097961,0.4729263,0.85875446,0.8225522,0.46522853,0.45247582,0.46215567,0.4363094,0.5586312,0.5798452,0.3044666,0.41573536,0.41334194,0.2962134,0.2875973,0.30249846,0.20838581,0.2644206,0.25862473
104,28,examples/runs/seed_104/snapshots/grid_029.npy,1.1433898,1.0548025,1.101869,0.4888764,0.86852324,0.7857646,0.4700741,0.46111393,0.45865,0.44289783,0.57295525,0.580646,0.30572504,0.42779675,0.4198677,0.29803446,0.29409403,0.2986928,0.21105514,0.2702382,0.2559127
104,29,examples/runs/seed_104/snapshots/grid_030.npy,1.1562575,1.06276,1.1043981,0.5121968,0.8755041,0.87019026,0.4798439,0.46624148,0.47541624,0.45515597,0.5825802,0.60346216,0.31120843,0.4348362,0.41935062,0.3028074,0.29846153,0.31403652,0.21654709,0.27396673,0.26713434
104,30,examples/runs/seed_104/snapshots/grid_031.npy,1.192193,1.0727812,1.1024985,0.5478411,0.88358396,0.88872635,0.50038683,0.4719385,0.48022646,0.47733042,0.5926952,0.61441,0.3223056,0.4436515,0.43026307,0.31337574,0.30339658,0.31690454,0.2267748,0.2781534,0.27213678
104,31,examples/runs/seed_104/snapshots/grid_032.npy,1.2088654,1.0816175,1.1212411,0.5736617,0.88992864,0.8085014,0.512826,0.47614428,0.47402325,0.49203122,0.6037304,0.6081983,0.32994747,0.4532076,0.43306237,0.3188843,0.3081513,0.31573233,0.23357676,0.28295407,0.2651818
104,32,examples/runs/seed_104/snapshots/grid_033.npy,1.239601,1.0863004,1.1182986,0.60826284,0.8935243,0.8313399,0.5321688,0.47863224,0.47917113,0.5134939,0.6097462,0.61724657,0.34094253,0.45797586,0.4345008,0.3287789,0.3108034,0.31608284,0.24356906,0.28544924,0.26685673
104,33,examples/runs/seed_104/snapshots/grid_034.npy,1.2510741,1.0989665,1.1394842,0.6318307,0.902873,0.86203265,0.54333216,0.48573494,0.4913839,0.5269858,0.6224772,0.63825965,0.34686112,0.46923053,0.45868388,0.33395013,0.31678694,0.32745475,0.24990508,0.29068798,0.2790968
104,34,examples/runs/seed_104/snapshots/grid_035.npy,1.257226,1.094398,1.1373341,0.6545924,0.89969,0.80600095,0.5540985,0.48316836,0.48004845,0.5389005,0.61763847,0.6212114,0.35127595,0.46529567,0.44780466,0.3390379,0.31460494,0.3233491,0.25555906,0.28877717,0.270637
104,35,examples/runs/seed_104/snapshots/grid_036.npy,1.2687294,1.1075234,1.1500459,0.684377,0.9092191,0.87160707,0.566519,0.4902451,0.49889055,0.55330193,0.63251364,0.651627,0.35845682,0.47726443,0.4677202,0.34437257,0.32115752,0.33571327,0.26292643,0.29474056,0.2838937
104,36,examples/runs/seed_104/snapshots/grid_037.npy,1.2781354,1.1148897,1.1588024,0.7136891,0.91618663,0.8458561,0.57681364,0.49462676,0.49737328,0.5670779,0.6408637,0.6486666,0.36529684,0.48518047,0.4666836,0.3488934,0.32524577,0.33563116,0.26999474,0.29840463,0.28179634
104,37,examples/runs/seed_104/snapshots/grid_038.npy,1.2987418,1.1189607,1.1483628,0.7500147,0.91992736,0.81157583,0.59396374,0.49683857,0.49043664,0.5868151,0.64573365,0.642872,0.37541705,0.48909986,0.46214208,0.35675827,0.32742354,0.3330765,0.27968195,0.30038276,0.27659476
104,38,examples/runs/seed_104/snapshots/grid_039.npy,1.3104275,1.1240145,1.1662418,0.7833097,0.92428946,0.839131,0.6076668,0.49936128,0.4998849,0.603389,0.6501335,0.6568461,0.38331607,0.49381107,0.48214206,0.36366263,0.32957396,0.3356575,0.2880204,0.30237556,0.28487882
104,39,examples/runs/seed_104/snapshots/grid_040.npy,1.3216491,1.130851,1.1601924,0.8153866,0.9293528,0.924984,0.62226844,0.5028262,0.51662636,0.62078226,0.6580762,0.68433774,0.39128125,0.4989618,0.49116272,0.3707119,0.33271566,0.3480398,0.29623303,0.3052672,0.29691085
104,40,examples/runs/seed_104/snapshots/grid_041.npy,1.3329979,1.1272237,1.1498605,0.8488163,0.9268027,0.8883895,0.6376319,0.5015804,0.5061161,0.63929266,0.65412223,0.6682521,0.40015832,0.4957741,0.47809678,0.37855333,0.3311987,0.34454575,0.30481485,0.30357775,0.29017693
104,41,examples/runs/seed_104/snapshots/grid_042.npy,1.3345367,1.1364372,1.1598821,0.87752753,0.9348715,0.8942361,0.6495626,0.5069495,0.510387,0.65405786,0.66431797,0.67564434,0.40638232,0.5038769,0.48144487,0.38395604,0.33584324,0.3532201,0.3115684,0.3075935,0.2943884
104,42,examples/runs/seed_104/snapshots/grid_043.npy,1.3394815,1.1339347,1.1701944,0.90767086,0.9324493,0.844604,0.66300523,0.50489724,0.50481296,0.670894,0.6615331,0.66637385,0.41464257,0.50215983,0.48487082,0.39062646,0.33445564,0.34649855,0.31900612,0.30671698,0.2889689
104,43,examples/runs/seed_104/snapshots/grid_044.npy,1.3419554,1.1321803,1.1711049,0.93872535,0.9312672,0.8608981,0.67692655,0.5045138,0.50572133,0.6875994,0.66034377,0.6644815,0.42185354,0.50113106,0.47495118,0.3973712,0.33387625,0.34966323,0.326366,0.30619198,0.28944382
104,44,examples/runs/seed_104/snapshots/grid_045.npy,1.3401864,1.1414,1.179281,0.9688265,0.9390842,0.896181,0.68942606,0.50868654,0.51710594,0.7025278,0.6689511,0.68358904,0.42821398,0.50774294,0.4935671,0.40298787,0.3380062,0.3535323,0.33303314,0.30954838,0.29755014
104,45,examples/runs/seed_104/snapshots/grid_046.npy,1.3333822,1.1392608,1.1686711,0.9963007,0.937526,0.8585974,0.70000416,0.5079684,0.5079323,0.7154143,0.66728985,0.6707696,0.43334126,0.506185,0.48189902,0.4073722,0.33723745,0.3508563,0.338603,0.30885518,0.29077497
104,46,examples/runs/seed_104/snapshots/grid_047.npy,1.329858,1.1500527,1.18149,1.027312,0.9465891,0.9494059,0.7125883,0.5138832,0.52745676,0.7304169,0.67760783,0.7012781,0.43952742,0.51430464,0.5043032,0.4132131,0.3421029,0.36340678,0.34511238,0.31264293,0.30788246
104,47,examples/runs/seed_104/snapshots/grid_048.npy,1.3173782,1.140898,1.1834595,1.0510206,0.93819165,0.9156767,0.7209101,0.50909406,0.5199556,0.74073815,0.66848946,0.6882548,0.44321644,0.5076003,0.4992207,0.41691008,0.33770648,0.35691336,0.3492017,0.30926782,0.30216894
104,48,examples/runs/seed_104/snapshots/grid_049.npy,1.3041962,1.1489635,1.183233,1.074931,0.94581723,0.91468227,0.72905576,0.51289046,0.5224927,0.75098026,0.6768814,0.6938799,0.44681114,0.5136763,0.50166273,0.42040235,0.34164423,0.35884237,0.35314134,0.3124029,0.3027428
104,49,examples/runs/seed_104/snapshots/grid_050.npy,1.2860597,1.1451073,1.1784478,1.0941894,0.94209576,0.9287655,0.734439,0.51140404,0.522231,0.75814193,0.67250335,0.69219375,0.44873634,0.51058656,0.5002732,0.42203763,0.3396886,0.35900953,0.35544756,0.3107647,0.30414283
104,50,examples/runs/seed_104/snapshots/grid_051.npy,1.2694601,1.1465819,1.185754,1.1167991,0.942659,0.9535819,0.74063283,0.5123199,0.52738744,0.7660785,0.6732234,0.70219254,0.45107672,0.51171976,0.513597,0.42430332,0.340154,0.36140525,0.3582818,0.3111155,0.31028378
104,51,examples/runs/seed_104/snapshots/grid_052.npy,1.2499677,1.1475527,1.1636834,1.1360515,0.9447178,0.9289619,0.744656,0.5131825,0.5181355,0.7716528,0.67601866,0.6923207,0.45218116,0.51283723,0.49365026,0.42544153,0.34132826,0.35857907,0.35987037,0.31191123,0.30186203
104,52,examples/runs/seed_104/snapshots/grid_053.npy,1.2281413,1.1460223,1.1804035,1.152447,0.9432569,0.8954147,0.74651307,0.51188415,0.51665425,0.7751225,0.674085,0.68568504,0.45229405,0.51169294,0.49446717,0.42549202,0.34045056,0.35772198,0.36033738,0.3113656,0.29927766
104,53,examples/runs/seed_104/snapshots/grid_054.npy,1.2068274,1.1524159,1.1733755,1.169062,0.9484583,1.0274034,0.7484808,0.51570773,0.53874785,0.7784447,0.6802407,0.72016907,0.45203328,0.5157262,0.5089077,0.4253937,0.3432396,0.37289086,0.36065215,0.31334865,0.31824914
104,54,examples/runs/seed_104/snapshots/grid_055.npy,1.1818116,1.1461473,1.1892703,1.181592,0.943234,0.91543555,0.74760467,0.5117329,0.5218977,0.7785878,0.67370117,0.69053453,0.450129,0.51180923,0.5005409,0.42390105,0.34028068,0.35823134,0.35940367,0.31131402,0.30297056
104,55,examples/runs/seed_104/snapshots/grid_056.npy,1.1584518,1.1501497,1.1849111,1.195648,0.94628,0.9773274,0.7465161,0.5141305,0.5323388,0.7793696,0.6774262,0.7092358,0.4476987,0.5142446,0.50939983,0.42253765,0.34207755,0.36767903,0.35825554,0.31255543,0.31274572
104,56,examples/runs/seed_104/snapshots/grid_057.npy,1.1371944,1.1563319,1.2043502,1.2128017,0.95128024,1.0237963,0.7454949,0.51743317,0.5453241,0.77943355,0.68283045,0.7257082,0.4462192,0.51906264,0.5284835,0.42156878,0.34459275,0.37406668,0.35749194,0.31463647,0.32409632
104,57,examples/runs/seed_104/snapshots/grid_058.npy,1.113862,1.1524296,1.180799,1.2289575,0.947551,1.0732641,0.7419409,0.51568776,0.54919213,0.77749515,0.67913157,0.7339638,0.44282776,0.51484776,0.5200589,0.41893363,0.34281316,0.38161594,0.35564348,0.31293905,0.32745668
104,58,examples/runs/seed_104/snapshots/grid_059.npy,1.0931892,1.1480217,1.1914111,1.2452261,0.9437009,1.0046873,0.73899114,0.5124116,0.5392454,0.7764389,0.67419565,0.71714044,0.4387934,0.5121571,0.5219838,0.41645873,0.34051123,0.36667097,0.35398272,0.31145754,0.31788853
104,59,examples/runs/seed_104/snapshots/grid_060.npy,1.072914,1.148005,1.1824067,1.2651498,0.9444676,0.96913415,0.73388153,0.5126155,0.53062356,0.77389336,0.6753336,0.70625925,0.43527165,0.5125956,0.5081039,0.4124798,0.341005,0.3636199,0.35220274,0.31179458,0.31032443
104,60,examples/runs/seed_104/snapshots/grid_061.npy,1.0529765,1.1479311,1.1820847,1.2835532,0.943727,1.0048183,0.728507,0.51236904,0.5377346,0.77134365,0.67489976,0.7183056,0.43005708,0.5119877,0.51820946,0.40852714,0.34067726,0.36738703,0.34959707,0.3115372,0.3165356
104,61,examples/runs/seed_104/snapshots/grid_062.npy,1.034228,1.1362587,1.1977276,1.2984427,0.9328265,0.92456305,0.718629,0.5058855,0.5242238,0.763829,0.66286886,0.69475377,0.42713147,0.50407887,0.5193689,0.40400538,0.33483914,0.35160354,0.34685767,0.3072654,0.30627894
104,62,examples/runs/seed_104/snapshots/grid_063.npy,1.0162852,1.1312492,1.1932256,1.3158607,0.92868376,0.9153502,0.7092048,0.5028554,0.5209416,0.7598324,0.6574566,0.68953145,0.42009124,0.49990582,0.5147313,0.39865977,0.33243772,0.34788,0.34397417,0.30521974,0.30292833
104,63,examples/runs/seed_104/snapshots/grid_064.npy,0.99817157,1.1235878,1.18753,1.3337933,0.9220445,0.8709871,0.7018895,0.4987599,0.50949925,0.75620997,0.6490145,0.6704175,0.4182374,0.4931742,0.5031394,0.3900515,0.32875893,0.3385005,0.34002995,0.30187726,0.2940886
104,64,examples/runs/seed_104/snapshots/grid_065.npy,0.98214436,1.1121274,1.1982644,1.3480643,0.91155785,0.7755916,0.6946308,0.49184,0.4929015,0.7538358,0.63640237,0.6424486,0.41235176,0.48317248,0.4944936,0.38243267,0.32298514,0.32652375,0.33634272,0.29699647,0.2809325
104,65,examples/runs/seed_104/snapshots/grid_066.npy,0.9672597,1.1032218,1.1826658,1.3535938,0.90448946,0.7585856,0.6797257,0.48667663,0.4839392,0.7492341,0.6263682,0.630961,0.40774098,0.47490776,0.48820627,0.37219143,0.318492,0.3149459,0.3327325,0.2929857,0.27426422
104,66,examples/runs/seed_104/snapshots/grid_067.npy,0.953619,1.0866054,1.1827148,1.3581697,0.89183104,0.637358,0.6631356,0.47707736,0.4587254,0.7400592,0.6082525,0.58918154,0.40540263,0.4604075,0.46626708,0.3621017,0.31018105,0.29870552,0.32928362,0.2858304,0.25465584
104,67,examples/runs/seed_104/snapshots/grid_068.npy,0.9412618,1.0726699,1.1802623,1.3535659,0.88053393,0.6903653,0.6589941,0.4693268,0.4624974,0.73204017,0.59071296,0.5930076,0.39974287,0.44639814,0.47850123,0.36251745,0.30242807,0.29325488,0.3257814,0.27860937,0.26115093
104,68,examples/runs/seed_104/snapshots/grid_069.npy,0.92757297,1.0608779,1.1599951,1.3538373,0.8717268,0.62833846,0.6541921,0.4622677,0.4460442,0.7254218,0.5781847,0.5683478,0.39153382,0.4356348,0.46036986,0.3578974,0.2966331,0.27849185,0.32184762,0.27355525,0.24653377
104,69,examples/runs/seed_104/snapshots/grid_070.npy,0.9148527,1.0536828,1.1516982,1.3559462,0.86619186,0.5956712,0.65277535,0.45801502,0.43679813,0.72205013,0.56994575,0.5549889,0.3845683,0.4290972,0.4556259,0.34839743,0.29294702,0.26802024,0.317022,0.27030063,0.2395178
104,70,examples/runs/seed_104/snapshots/grid_071.npy,0.90316945,1.0305352,1.1427617,1.3502191,0.8501671,0.61805356,0.6511269,0.44452778,0.4328234,0.71650094,0.5472324,0.54183924,0.37422007,0.41063187,0.44375002,0.3377283,0.28263766,0.2646854,0.31236094,0.26124564,0.23858723
104,71,examples/runs/seed_104/snapshots/grid_072.npy,0.8916323,1.0140262,1.1318276,1.3433893,0.84209013,0.5331124,0.64542115,0.43519998,0.41164115,0.7186648,0.5342717,0.5091789,0.36502397,0.39884305,0.42498034,0.34148642,0.27696425,0.24999571,0.30749393,0.25583842,0.22310232
104,72,examples/runs/seed_104/snapshots/grid_073.npy,0.8798164,1.0037605,1.0987538,1.3383216,0.8379316,0.56403816,0.6463436,0.43010813,0.40961304,0.7175204,0.5280423,0.50621635,0.3491028,0.3907634,0.40405202,0.33898136,0.27399892,0.2509713,0.3020585,0.25254312,0.21981288
104,73,examples/runs/seed_104/snapshots/grid_074.npy,0.8684387,0.9763672,1.0905744,1.3385811,0.82811815,0.5891023,0.6431668,0.41555864,0.40539497,0.71140724,0.50447613,0.49247378,0.3370046,0.36791018,0.3953431,0.34189892,0.26388755,0.2468805,0.29667565,0.24242598,0.21980412
104,74,examples/runs/seed_104/snapshots/grid_075.npy,0.8580262,0.9628619,1.0723389,1.3419513,0.82044095,0.63890344,0.64302194,0.40930334,0.40407333,0.71526104,0.49091622,0.49089667,0.3350777,0.35842103,0.39076835,0.32376084,0.2590509,0.24766482,0.29210392,0.23802248,0.22414592
104,75,examples/runs/seed_104/snapshots/grid_076.npy,0.84672934,0.93401086,1.0506357,1.331696,0.8042395,0.68713903,0.64034694,0.3915695,0.39915887,0.72466874,0.46008623,0.48242658,0.32499987,0.34239936,0.38521868,0.30337816,0.24875169,0.24696681,0.28645968,0.23077746,0.22810651
104,76,examples/runs/seed_104/snapshots/grid_077.npy,0.8396194,0.89840823,1.005699,1.3128017,0.78173816,0.66599715,0.6365794,0.37243113,0.38106492,0.7051797,0.4334927,0.4564085,0.3134085,0.32877743,0.3601285,0.298706,0.2371361,0.23467094,0.2816762,0.22340117,0.21660423
104,77,examples/runs/seed_104/snapshots/grid_078.npy,0.83192044,0.8707245,1.0033389,1.287424,0.767735,0.6608616,0.6361863,0.35791808,0.374779,0.71252286,0.4179714,0.4450544,0.3122035,0.31688246,0.3585959,0.30552807,0.22918382,0.23033378,0.27566668,0.21811993,0.21565981
104,78,examples/runs/seed_104/snapshots/grid_079.npy,0.82658064,0.84439886,0.97308797,1.2672553,0.75458753,0.6417562,0.63572806,0.34458977,0.36062658,0.7086755,0.40400314,0.42771682,0.3061127,0.30602872,0.34694836,0.30109948,0.22239128,0.22208191,0.27118528,0.21314165,0.20919338
104,79,examples/runs/seed_104/snapshots/grid_080.npy,0.82248056,0.77201796,0.9297328,1.2605859,0.71616155,0.6017604,0.6109103,0.31003118,0.33154118,0.68578297,0.35753453,0.38619128,0.3124313,0.27587828,0.32633865,0.29322708,0.2020235,0.20412114,0.26755506,0.19778353,0.19799605
104,80,examples/runs/seed_104/snapshots/grid_081.npy,0.8154858,0.7152531,0.87952423,1.2434113,0.68837804,0.6664615,0.5858364,0.28449607,0.31959444,0.65965563,0.3194666,0.37372398,0.29294816,0.2525312,0.31678373,0.28504664,0.18597732,0.1985873,0.2635457,0.18524125,0.20164515
104,81,examples/runs/seed_104/snapshots/grid_082.npy,0.80930823,0.68222654,0.83224493,1.213472,0.6744245,0.57765996,0.60460305,0.26635042,0.28795576,0.6420389,0.29785332,0.33104023,0.26058134,0.23742823,0.28549588,0.28991312,0.17636952,0.18011415,0.2583949,0.17882426,0.18174893
104,82,examples/runs/seed_104/snapshots/grid_083.npy,0.80677676,0.64664865,0.7913371,1.1817678,0.6577524,0.6460197,0.5954558,0.24565294,0.28031263,0.6136346,0.27306333,0.32073146,0.24796316,0.2209537,0.2773133,0.26430896,0.16539618,0.17451671,0.25412017,0.17180811,0.18623741
104,83,examples/runs/seed_104/snapshots/grid_084.npy,0.80596054,0.6024898,0.71671504,1.1780254,0.63236034,0.58892953,0.53878313,0.21674971,0.24175374,0.57159245,0.24392284,0.27301478,0.24788372,0.20264374,0.24027017,0.25329745,0.151197,0.15447378,0.25202274,0.16380154,0.16820467
104,84,examples/runs/seed_104/snapshots/grid_085.npy,0.803673,0.5744309,0.65893805,1.1700679,0.61608446,0.5718351,0.4747264,0.19821724,0.2175913,0.50170267,0.22537512,0.24594122,0.21747868,0.19072211,0.21554653,0.24717177,0.14213568,0.14241275,0.2486634,0.1586157,0.1580339
104,85,examples/runs/seed_104/snapshots/grid_086.npy,0.8021284,0.5403062,0.60780466,1.1468656,0.59770244,0.56676257,0.42124316,0.17684485,0.19448894,0.4212017,0.20194547,0.21505143,0.18975481,0.17651191,0.19315675,0.23707291,0.13121381,0.13044149,0.24654146,0.1517472,0.15097457
104,86,examples/runs/seed_104/snapshots/grid_087.npy,0.7993517,0.5212121,0.5698929,1.1375079,0.5869371,0.51722,0.4007159,0.16450197,0.17179057,0.4006839,0.18947765,0.18576843,0.18853615,0.1689806,0.16939734,0.21265933,0.1250588,0.1176528,0.24346513,0.1480385,0.13803975
104,87,examples/runs/seed_104/snapshots/grid_088.npy,0.7931461,0.5007617,0.5416243,1.1319921,0.57557017,0.5489981,0.3315239,0.15141046,0.16423132,0.33148772,0.1752252,0.17529118,0.18713245,0.16037682,0.15934762,0.19683835,0.11828128,0.11340616,0.23993792,0.14381546,0.1384596
104,88,examples/runs/seed_104/snapshots/grid_089.npy,0.7869652,0.5138475,0.5638932,1.1121926,0.5828223,0.5619347,0.32525223,0.15980425,0.17510588,0.3252248,0.18404043,0.19014278,0.18574612,0.1657572,0.17155032,0.17690639,0.12256265,0.11928863,0.23522031,0.14647263,0.14352715
104,89,examples/runs/seed_104/snapshots/grid_090.npy,0.7813236,0.48075423,0.49977678,1.0058719,0.564599,0.5570753,0.29558054,0.13886254,0.15020663,0.29557097,0.16173685,0.15888011,0.18942626,0.15227076,0.14183944,0.19114783,0.111797504,0.10650204,0.22983952,0.13969985,0.13369307
104,90,examples/runs/seed_104/snapshots/grid_091.npy,0.77782327,0.4801078,0.50232524,1.0337095,0.56411916,0.5761868,0.30238342,0.1384295,0.15365452,0.3023745,0.16101173,0.16411605,0.18935475,0.1519625,0.14666204,0.19453102,0.11152442,0.10846385,0.22640619,0.13954732,0.13713941
104,91,examples/runs/seed_104/snapshots/grid_092.npy,0.7754325,0.48008427,0.4968232,1.0495085,0.5642301,0.5575923,0.31469306,0.13851336,0.1492305,0.3146853,0.16120628,0.15882784,0.18882395,0.15210676,0.1422765,0.2005674,0.11159943,0.105924234,0.22021903,0.13957572,0.13361892
104,92,examples/runs/seed_104/snapshots/grid_093.npy,0.7730981,0.4676132,0.47379076,1.0131932,0.5570603,0.5572946,0.3484281,0.13026674,0.14013557,0.3484243,0.15271792,0.1469647,0.18947808,0.14672625,0.13054767,0.15164433,0.1073862,0.10068831,0.21587573,0.13694997,0.12982064
104,93,examples/runs/seed_104/snapshots/grid_094.npy,0.76827437,0.45585185,0.44460383,0.96832,0.550347,0.5248188,0.31346476,0.12267156,0.12466383,0.31344292,0.14488006,0.1287573,0.18771464,0.14189893,0.11717489,0.15021789,0.10351995,0.09106451,0.21429604,0.13453041,0.121306196
104,94,examples/runs/seed_104/snapshots/grid_095.npy,0.762247,0.46877062,0.46745476,0.9689034,0.5577301,0.53837657,0.32399425,0.13114044,0.1362856,0.3239735,0.15373832,0.14391777,0.18729883,0.14748855,0.12835759,0.14988682,0.10785639,0.098413825,0.2094815,0.1372358,0.12655249
104,95,examples/runs/seed_104/snapshots/grid_096.npy,0.7640609,0.44833732,0.4309964,0.816121,0.5461412,0.53182757,0.22969922,0.117782354,0.11995736,0.22968549,0.1396564,0.122510046,0.20096952,0.13856666,0.11029464,0.16081469,0.10098228,0.08859849,0.21262202,0.13290066,0.12002372
104,96,examples/runs/seed_104/snapshots/grid_097.npy,0.7613365,0.44730955,0.431779,0.75751203,0.5454887,0.5697693,0.2355351,0.117185265,0.1263857,0.23551872,0.13875163,0.13158906,0.20606938,0.13793992,0.115398824,0.16488947,0.10057734,0.092849284,0.20847975,0.13259698,0.12581256
104,97,examples/runs/seed_104/snapshots/grid_098.npy,0.76077664,0.45276958,0.4418874,0.8329608,0.54867125,0.56013626,0.23689866,0.12076086,0.12863737,0.23688392,0.14254332,0.13390613,0.20726489,0.140351,0.1179914,0.16584247,0.10243936,0.09442668,0.20507373,0.13377434,0.12583902
104,98,examples/runs/seed_104/snapshots/grid_099.npy,0.76199764,0.44559413,0.42746434,0.8497955,0.54451865,0.5428666,0.23431054,0.11603287,0.120510176,0.2342942,0.13763729,0.12377399,0.20500483,0.13730776,0.110742465,0.16402853,0.10001814,0.089821264,0.20233366,0.13226575,0.121525384
104,99,examples/runs/seed_104/snapshots/grid_100.npy,0.76235765,0.44713932,0.43078473,0.9088159,0.5454036,0.53942674,0.2344767,0.11702198,0.12113665,0.234462,0.13872108,0.124283016,0.20515192,0.13799118,0.111878976,0.16414373,0.10054608,0.08981936,0.19861835,0.13261391,0.12146192
104,100,examples/runs/seed_104/snapshots/grid_101.npy,0.76190525,0.44433737,0.4261413,0.92834896,0.5438273,0.56041783,0.23702355,0.11527091,0.12264621,0.23700665,0.1367074,0.12671027,0.20737545,0.13667871,0.11183834,0.16591655,0.09958728,0.09113312,0.19444495,0.131966,0.12380539
104,101,examples/runs/seed_104/snapshots/grid_102.npy,0.7646087,0.44302627,0.42276806,0.8097,0.54313684,0.5555968,0.24048312,0.114432305,0.12072386,0.24046497,0.13581216,0.12407532,0.21041799,0.13611032,0.10923943,0.16834372,0.09914653,0.09049933,0.1947465,0.13166517,0.12262511
104,102,examples/runs/seed_104/snapshots/grid_103.npy,0.7664014,0.44079953,0.4181068,0.90873003,0.5418245,0.56212914,0.24015003,0.113001004,0.12002246,0.2401337,0.13426664,0.12389544,0.21012701,0.13516843,0.10910168,0.16811,0.098403245,0.089568585,0.19187249,0.13120489,0.12295659
104,103,examples/runs/seed_104/snapshots/grid_104.npy,0.7669544,0.44066545,0.41756734,0.997857,0.54171354,0.5604289,0.2382619,0.11288081,0.11962597,0.23824719,0.13420275,0.12340999,0.20847532,0.13511564,0.108768746,0.1667878,0.09835346,0.089174464,0.18817405,0.13118419,0.12259461
104,104,examples/runs/seed_104/snapshots/grid_105.npy,0.0,0.43991983,0.4156473,0.0,0.5412754,0.56378436,0.0,0.11241047,0.11948341,0.0,0.13369998,0.123565584,0.0,0.13480248,0.10868582,0.0,0.09810926,0.08889079,0.0,0.13103093,0.12279632
104,105,examples/runs/seed_104/snapshots/grid_106.npy,0.0,0.43991983,0.4156473,0.0,0.5412754,0.56378436,0.0,0.11241047,0.11948341,0.0,0.13369998,0.123565584,0.0,0.13480248,0.10868582,0.0,0.09810926,0.08889079,0.0,0.13103093,0.12279632
104,106,examples/runs/seed_104/snapshots/grid_107.npy,0.0,0.43991983,0.4156473,0.0,0.5412754,0.56378436,0.0,0.11241047,0.11948341,0.0,0.13369998,0.123565584,0.0,0.13480248,0.10868582,0.0,0.09810926,0.08889079,0.0,0.13103093,0.12279632
104,107,examples/runs/seed_104/snapshots/grid_108.npy,0.0,0.43991983,0.4156473,0.0,0.5412754,0.56378436,0.0,0.11241047,0.11948341,0.0,0.13369998,0.123565584,0.0,0.13480248,0.10868582,0.0,0.09810926,0.08889079,0.0,0.13103093,0.12279632
104,108,examples/runs/seed_104/snapshots/grid_109.npy,0.0,0.43991983,0.4156473,0.0,0.5412755,0.56378436,0.0,0.112410456,0.11948341,0.0,0.13369998,0.123565584,0.0,0.13480248,0.10868582,0.0,0.09810926,0.08889079,0.0,0.13103095,0.12279632
104,109,examples/runs/seed_104/snapshots/grid_110.npy,0.0,0.43991977,0.41564772,0.0,0.5412755,0.5637839,0.0,0.112410456,0.11948338,0.0,0.13369998,0.123565435,0.0,0.13480245,0.10868597,0.0,0.098109275,0.08889066,0.0,0.13103095,0.1227963
104,110,examples/runs/seed_104/snapshots/grid_111.npy,0.0,0.43991977,0.41564757,0.0,0.54127544,0.56378424,0.0,0.112410456,0.11948341,0.0,0.13369998,0.123565465,0.0,0.13480243,0.108685836,0.0,0.09810926,0.08889082,0.0,0.13103095,0.12279632
104,111,examples/runs/seed_104/snapshots/grid_112.npy,0.0,0.43991977,0.4156472,0.0,0.5412755,0.5637845,0.0,0.11241047,0.11948341,0.0,0.13370007,0.123565584,0.0,0.13480245,0.108685836,0.0,0.09810929,0.08889076,0.0,0.13103093,0.12279632
104,112,examples/runs/seed_104/snapshots/grid_113.npy,0.0,0.43991983,0.4156473,0.0,0.5412754,0.56378436,0.0,0.11241047,0.11948341,0.0,0.13369998,0.123565584,0.0,0.13480248,0.10868582,0.0,0.09810926,0.08889079,0.0,0.13103093,0.12279632
104,113,examples/runs/seed_104/snapshots/grid_114.npy,0.0,0.43991983,0.4156473,0.0,0.5412754,0.56378436,0.0,0.11241047,0.11948341,0.0,0.13369998,0.123565584,0.0,0.13480248,0.10868582,0.0,0.09810926,0.08889079,0.0,0.13103093,0.12279632
104,114,examples/runs/seed_104/snapshots/grid_115.npy,0.0,0.43991983,0.4156473,0.0,0.5412754,0.56378436,0.0,0.11241047,0.11948341,0.0,0.13369998,0.123565584,0.0,0.13480248,0.10868582,0.0,0.09810926,0.08889079,0.0,0.13103093,0.12279632
104,115,examples/runs/seed_104/snapshots/grid_116.npy,0.0,0.43991983,0.4156473,0.0,0.5412754,0.56378436,0.0,0.11241047,0.11948341,0.0,0.13369998,0.123565584,0.0,0.13480248,0.10868582,0.0,0.09810926,0.08889079,0.0,0.13103093,0.12279632
104,116,examples/runs/seed_104/snapshots/grid_117.npy,0.0,0.43991983,0.4156473,0.0,0.5412755,0.56378436,0.0,0.112410456,0.11948341,0.0,0.13369998,0.123565584,0.0,0.13480248,0.10868582,0.0,0.09810926,0.08889079,0.0,0.13103095,0.12279632
104,117,examples/runs/seed_104/snapshots/grid_118.npy,0.0,0.43991977,0.41564772,0.0,0.5412755,0.5637839,0.0,0.112410456,0.11948338,0.0,0.13369998,0.123565435,0.0,0.13480245,0.10868597,0.0,0.098109275,0.08889066,0.0,0.13103095,0.1227963
104,118,examples/runs/seed_104/snapshots/grid_119.npy,0.0,0.43991977,0.41564757,0.0,0.54127544,0.56378424,0.0,0.112410456,0.11948341,0.0,0.13369998,0.123565465,0.0,0.13480243,0.108685836,0.0,0.09810926,0.08889082,0.0,0.13103095,0.12279632
104,119,examples/runs/seed_104/snapshots/grid_120.npy,0.0,0.43991977,0.4156472,0.0,0.5412755,0.5637845,0.0,0.11241047,0.11948341,0.0,0.13370007,0.123565584,0.0,0.13480245,0.108685836,0.0,0.09810929,0.08889076,0.0,0.13103093,0.12279632
107,0,examples/runs/seed_107/snapshots/grid_001.npy,0.8142846,0.53202856,0.59402484,0.4213477,0.59309125,0.6117921,0.5331521,0.17139915,0.19670363,0.5274603,0.19685468,0.21498674,0.5445633,0.17259584,0.17846268,0.4195786,0.12843068,0.1360928,0.38848385,0.14990646,0.15340474
107,1,examples/runs/seed_107/snapshots/grid_002.npy,0.6411168,0.57864106,0.66956455,0.27814195,0.6192814,0.6082164,0.33171687,0.20126635,0.2274912,0.3419338,0.22841223,0.25125772,0.3475252,0.19159546,0.20546429,0.27509636,0.14339647,0.15545502,0.25111064,0.15896243,0.16310728
107,2,examples/runs/seed_107/snapshots/grid_003.npy,0.6826885,0.59334135,0.6956668,0.2600896,0.627846,0.53988445,0.28855821,0.21108969,0.22607046,0.29155186,0.23848785,0.24744727,0.2914762,0.198118,0.20899698,0.2312118,0.14832589,0.15564504,0.21561758,0.16183317,0.15767209
107,3,examples/runs/seed_107/snapshots/grid_004.npy,0.7565623,0.616493,0.7331379,0.2548182,0.6410165,0.62739897,0.26315546,0.22625683,0.2565021,0.269084,0.25379592,0.28708088,0.26497042,0.20774262,0.23075518,0.21164939,0.15563859,0.17430122,0.19951206,0.16589154,0.17451604
107,4,examples/runs/seed_107/snapshots/grid_005.npy,0.893665,0.588264,0.6907797,0.27491412,0.6247785,0.63214254,0.2926091,0.20753436,0.23942114,0.29972845,0.23445801,0.2662505,0.28898656,0.19562306,0.21583466,0.23265998,0.1463923,0.16405359,0.20561054,0.1606995,0.16969931
107,5,examples/runs/seed_107/snapshots/grid_006.npy,0.9104016,0.58217186,0.6872022,0.25537297,0.6207825,0.636909,0.29357582,0.20328087,0.23805654,0.2959072,0.2302175,0.264637,0.28224105,0.19284953,0.21641949,0.23056874,0.14424828,0.16372341,0.19032674,0.159514,0.1704979
107,6,examples/runs/seed_107/snapshots/grid_007.npy,0.80850273,0.63733464,0.7855606,0.21428211,0.6526304,0.57973146,0.25409332,0.23954079,0.26551288,0.2616269,0.26721525,0.2942767,0.24491273,0.21637253,0.24985097,0.2059122,0.1623258,0.17720711,0.15702896,0.16989551,0.17577371
107,7,examples/runs/seed_107/snapshots/grid_008.npy,0.7995276,0.6652892,0.8177789,0.20951565,0.66771746,0.6118799,0.24801323,0.2577295,0.28650117,0.2571394,0.2863027,0.322765,0.23531035,0.22830334,0.2674352,0.2067461,0.17121938,0.19013062,0.14514042,0.17480941,0.18501867
107,8,examples/runs/seed_107/snapshots/grid_009.npy,0.9024673,0.6629684,0.8097922,0.2361748,0.6671022,0.6005686,0.272567,0.25644445,0.28263134,0.29312786,0.28490162,0.3162652,0.26219842,0.22705963,0.26133746,0.23277722,0.1705513,0.18640201,0.15520675,0.17430978,0.18155795
107,9,examples/runs/seed_107/snapshots/grid_010.npy,0.95937014,0.70478004,0.8716094,0.24690174,0.6842923,0.5720457,0.28717247,0.27940118,0.30016166,0.31613234,0.3130588,0.33682328,0.27900285,0.24667232,0.28030327,0.2513535,0.18294966,0.19636068,0.15957001,0.18273997,0.18531111
107,10,examples/runs/seed_107/snapshots/grid_011.npy,0.988755,0.7043777,0.8709916,0.25379524,0.68403995,0.55814713,0.29892346,0.27964112,0.2967443,0.3327229,0.31277874,0.33173472,0.29032996,0.24649987,0.27544364,0.26044837,0.18296501,0.19851197,0.1615244,0.18254383,0.18396805
107,11,examples/runs/seed_107/snapshots/grid_012.npy,0.993168,0.70904773,0.88533765,0.25849292,0.6851357,0.46820742,0.3037354,0.2818914,0.2853945,0.34186894,0.3161958,0.3162892,0.29824662,0.24948135,0.27718112,0.2606249,0.18459885,0.18933049,0.16097157,0.18390355,0.17404932
107,12,examples/runs/seed_107/snapshots/grid_013.npy,0.9554397,0.7418972,0.9244254,0.25296867,0.70016265,0.46513036,0.30251765,0.2967854,0.3016212,0.33584264,0.33864284,0.3378737,0.29463878,0.26402086,0.29418546,0.2546272,0.19394735,0.19809705,0.15416576,0.19118948,0.17889795
107,13,examples/runs/seed_107/snapshots/grid_014.npy,0.9455266,0.79799736,0.96882313,0.26097235,0.729742,0.54541564,0.29978293,0.322564,0.33397165,0.33531764,0.37459618,0.38042033,0.2936375,0.28653327,0.31616336,0.25078964,0.20954819,0.2171854,0.15253021,0.203287,0.19515783
107,14,examples/runs/seed_107/snapshots/grid_015.npy,0.94823134,0.8341235,0.9855364,0.27211836,0.75021863,0.5045866,0.30421302,0.34073752,0.33538923,0.33865225,0.3982072,0.38359952,0.29554686,0.3032995,0.3202435,0.25660837,0.22043362,0.21792775,0.15301414,0.21118614,0.19225663
107,15,examples/runs/seed_107/snapshots/grid_016.npy,1.0117353,0.83813125,0.98403966,0.29747745,0.7526107,0.46177602,0.32247502,0.34281924,0.3286233,0.36551547,0.4001948,0.3760091,0.3118756,0.3055898,0.3175508,0.27243114,0.22164673,0.21626592,0.16305654,0.21200636,0.18718387
107,16,examples/runs/seed_107/snapshots/grid_017.npy,1.0241044,0.85252357,0.99241745,0.30543488,0.76017654,0.46879232,0.32761562,0.35074693,0.33358267,0.37601718,0.4085619,0.38062617,0.31970203,0.31144243,0.31408232,0.27905402,0.22561473,0.21848942,0.16554616,0.21479233,0.18733534
107,17,examples/runs/seed_107/snapshots/grid_018.npy,1.014486,0.8854295,1.0231843,0.31394422,0.77722555,0.41363305,0.3295375,0.3675277,0.3356321,0.37971145,0.42693177,0.38385844,0.32380614,0.32596806,0.32022917,0.28139675,0.23464113,0.22421098,0.16568613,0.2209229,0.18538547
107,18,examples/runs/seed_107/snapshots/grid_019.npy,1.0377665,0.89650416,1.031489,0.33264655,0.7830034,0.39354467,0.34215444,0.3724679,0.3366054,0.39621183,0.43243513,0.3847649,0.3342993,0.3306413,0.3248937,0.29029658,0.23746282,0.21955672,0.1710085,0.22314385,0.18289073
107,19,examples/runs/seed_107/snapshots/grid_020.npy,1.0201403,0.93537253,1.0562966,0.33542025,0.80814326,0.43554997,0.34257117,0.3931872,0.3556171,0.39605176,0.46243703,0.41313824,0.3306257,0.34475163,0.3370986,0.28822672,0.24981518,0.23406652,0.1694454,0.23098376,0.19262333
107,20,examples/runs/seed_107/snapshots/grid_021.npy,1.0137366,0.954911,1.0699039,0.3427639,0.8194327,0.41901338,0.3419897,0.40621057,0.3608304,0.3995542,0.48430103,0.42343223,0.33134922,0.35601604,0.3451106,0.286636,0.25743276,0.23418339,0.1696125,0.2360132,0.1921849
107,21,examples/runs/seed_107/snapshots/grid_022.npy,1.0149462,0.9592327,1.0749426,0.35544252,0.82154846,0.5130173,0.34526974,0.40875936,0.37886524,0.4044763,0.4882531,0.45024338,0.33402026,0.35794553,0.3607941,0.28774437,0.2587683,0.24520515,0.17136933,0.23702018,0.20709546
107,22,examples/runs/seed_107/snapshots/grid_023.npy,1.0292408,0.9770324,1.1013236,0.3727667,0.8318121,0.3701495,0.35020247,0.41877514,0.36451083,0.41534,0.5059686,0.430529,0.34094813,0.3723641,0.3633079,0.2918752,0.2659489,0.23782626,0.17539181,0.24298954,0.19366242
107,23,examples/runs/seed_107/snapshots/grid_024.npy,1.0596501,0.991151,1.1056052,0.3932874,0.8356394,0.51144207,0.36089253,0.42661026,0.39291826,0.43345815,0.5176605,0.4757006,0.35297525,0.38267425,0.38724476,0.3040948,0.2709709,0.25717947,0.18199557,0.24775563,0.21656632
107,24,examples/runs/seed_107/snapshots/grid_025.npy,1.085736,0.99314505,1.1010712,0.41329485,0.83581746,0.48214376,0.371688,0.42755896,0.38823706,0.4510386,0.52050567,0.47000784,0.36465937,0.3843225,0.37567782,0.31366605,0.27184698,0.2583072,0.18838972,0.24875242,0.21100956
107,25,examples/runs/seed_107/snapshots/grid_026.npy,1.1172523,1.0150801,1.1129758,0.43932799,0.845472,0.51671386,0.3871331,0.43841013,0.40207535,0.47171172,0.5362507,0.49423814,0.37678713,0.40081257,0.39836502,0.3221695,0.27883404,0.26151672,0.19654264,0.25612068,0.21968327
107,26,examples/runs/seed_107/snapshots/grid_027.npy,1.1304301,1.0173016,1.1268498,0.45891538,0.84614635,0.5308976,0.3940786,0.43943503,0.4088295,0.48522058,0.5382988,0.5018107,0.3865,0.40229073,0.40133196,0.32730234,0.27955416,0.27280518,0.20191363,0.25686827,0.2250399
107,27,examples/runs/seed_107/snapshots/grid_028.npy,1.1399792,1.0398734,1.1405315,0.4795575,0.85704607,0.5382585,0.40176532,0.45104948,0.41817728,0.49748796,0.55534106,0.52080303,0.39452758,0.41800618,0.42156237,0.33280057,0.28676957,0.2735735,0.20705448,0.2643618,0.23004395
107,28,examples/runs/seed_107/snapshots/grid_029.npy,1.1347572,1.0505738,1.1437731,0.493961,0.86564463,0.54652137,0.4059991,0.45750076,0.42421153,0.5027719,0.56629896,0.5323175,0.3979321,0.426126,0.427449,0.33278078,0.2917903,0.27787092,0.20949253,0.2686705,0.23251043
107,29,examples/runs/seed_107/snapshots/grid_030.npy,1.1500771,1.0648434,1.1597162,0.5185726,0.87694657,0.6053854,0.41650558,0.46581128,0.43995827,0.517685,0.5804026,0.5577686,0.40708742,0.43807617,0.4510696,0.34043285,0.2984997,0.2908526,0.21575563,0.27437893,0.24762481
107,30,examples/runs/seed_107/snapshots/grid_031.npy,1.1706942,1.0795214,1.1512065,0.5464251,0.8883955,0.6682062,0.42729944,0.47415873,0.4535452,0.5349056,0.5987925,0.58136404,0.41900212,0.4524533,0.45107716,0.34788823,0.3066405,0.29788044,0.22319455,0.2818126,0.2536325
107,31,examples/runs/seed_107/snapshots/grid_032.npy,1.1963451,1.0899379,1.1695409,0.5734613,0.8955913,0.74627805,0.439708,0.47953105,0.47505918,0.5546716,0.610073,0.6126277,0.43299326,0.46177587,0.47516432,0.3574692,0.31162435,0.30786982,0.23140606,0.2864119,0.26863426
107,32,examples/runs/seed_107/snapshots/grid_033.npy,1.220557,1.1054188,1.1710862,0.60447305,0.9080011,0.72882795,0.4527,0.48769858,0.47907326,0.5739519,0.6289892,0.6231166,0.44549587,0.47704697,0.4767912,0.36770734,0.3200251,0.31229892,0.24026382,0.29422295,0.2672985
107,33,examples/runs/seed_107/snapshots/grid_034.npy,1.227263,1.106718,1.1864753,0.6271514,0.9084157,0.7693861,0.46008092,0.48878393,0.48720485,0.5863754,0.62779444,0.6344651,0.453182,0.47698438,0.49786875,0.3737544,0.31983024,0.31864825,0.2459781,0.29368764,0.27925226
107,34,examples/runs/seed_107/snapshots/grid_035.npy,1.2517277,1.1144778,1.1894116,0.6594781,0.91364133,0.8157268,0.47325376,0.4927744,0.49916708,0.60744274,0.63655764,0.65789616,0.46675116,0.48381066,0.5159252,0.38543722,0.3235825,0.32568038,0.2553709,0.29710677,0.28855798
107,35,examples/runs/seed_107/snapshots/grid_036.npy,1.2763604,1.1184256,1.2041466,0.695185,0.91647106,0.8652768,0.48757842,0.49489906,0.51253164,0.6296745,0.6405394,0.67430985,0.48217997,0.48717412,0.52847123,0.39628118,0.3253244,0.3332871,0.26556107,0.2986827,0.29830638
107,36,examples/runs/seed_107/snapshots/grid_037.npy,1.2921832,1.1310933,1.2010345,0.72695,0.9280093,0.98874277,0.49851972,0.5023147,0.53566724,0.64840245,0.6538949,0.71138334,0.49518585,0.49815866,0.54717195,0.4065056,0.33143222,0.3469271,0.27430147,0.30392247,0.31693983
107,37,examples/runs/seed_107/snapshots/grid_038.npy,1.2940551,1.1316676,1.1982485,0.75070846,0.92825824,0.9830526,0.5062608,0.5020125,0.53567237,0.66145337,0.6556771,0.7113975,0.50298756,0.49907,0.54074395,0.41193295,0.33181977,0.3462649,0.2802295,0.30469587,0.31392038
107,38,examples/runs/seed_107/snapshots/grid_039.npy,1.2923374,1.1400698,1.2015405,0.7757891,0.93551433,0.9871037,0.5134628,0.5065839,0.53726465,0.67339927,0.6642827,0.7151804,0.50996125,0.50654477,0.54682857,0.4165069,0.33581305,0.3450798,0.2858551,0.3082618,0.31591323
107,39,examples/runs/seed_107/snapshots/grid_040.npy,1.3015037,1.1451893,1.2108346,0.8085539,0.939436,1.0563848,0.5254326,0.5088321,0.55340487,0.6917449,0.6688211,0.73948145,0.52170706,0.50962013,0.5616552,0.42566183,0.3379425,0.3566633,0.2940474,0.30989867,0.32823694
107,40,examples/runs/seed_107/snapshots/grid_041.npy,1.3132838,1.1536663,1.2340101,0.8439912,0.94610584,1.1060877,0.5383546,0.5139531,0.56802386,0.7120656,0.67634195,0.7590761,0.534409,0.51583314,0.580893,0.43623477,0.3416214,0.3719229,0.30305475,0.31271112,0.3426526
107,41,examples/runs/seed_107/snapshots/grid_042.npy,1.3189297,1.1505378,1.2127968,0.87704015,0.944264,1.0954689,0.5498612,0.5115376,0.5622408,0.72982436,0.6744474,0.7528465,0.5459256,0.5134422,0.56696045,0.44511127,0.34046835,0.36349955,0.31101635,0.31186754,0.33463877
107,42,examples/runs/seed_107/snapshots/grid_043.npy,1.3199186,1.1581343,1.2281404,0.907994,0.95084846,1.1244305,0.5601322,0.5155594,0.57149947,0.745812,0.68177307,0.7662801,0.5557456,0.51941264,0.57981,0.4529121,0.34395736,0.3700509,0.31812367,0.31465068,0.34252107
107,43,examples/runs/seed_107/snapshots/grid_044.npy,1.3191353,1.1680021,1.2318133,0.9396488,0.95984125,1.1958588,0.56946325,0.5209291,0.58699435,0.7614286,0.69188535,0.79178536,0.5658137,0.5264862,0.59469664,0.46089807,0.34849262,0.38203752,0.32508865,0.318143,0.35545486
107,44,examples/runs/seed_107/snapshots/grid_045.npy,1.3175497,1.1581731,1.2321248,0.97100437,0.95097935,1.1096917,0.57904595,0.5157255,0.57025206,0.7771575,0.6820626,0.7624429,0.5754438,0.51946354,0.57680047,0.46913105,0.34402248,0.3718754,0.33191603,0.31471005,0.34139028
107,45,examples/runs/seed_107/snapshots/grid_046.npy,1.3114778,1.1671754,1.2182888,1.0016605,0.9597104,1.1731627,0.5876328,0.5202913,0.5801205,0.7910705,0.6916771,0.7852663,0.5843445,0.52598727,0.58834964,0.47629112,0.34827432,0.37589037,0.3380535,0.3179881,0.34955585
107,46,examples/runs/seed_107/snapshots/grid_047.npy,1.301022,1.1690931,1.2366593,1.0296911,0.96113044,1.1771878,0.59439355,0.5223408,0.5831124,0.80270445,0.6931938,0.78544307,0.5913629,0.52789307,0.5901539,0.48224604,0.34927726,0.38297063,0.3430767,0.3186611,0.35375297
107,47,examples/runs/seed_107/snapshots/grid_048.npy,1.2885792,1.1706582,1.2326539,1.056439,0.9618068,1.2657032,0.6004656,0.5232891,0.597207,0.81362456,0.6940837,0.80678153,0.5980151,0.52863705,0.6023911,0.48746067,0.34970275,0.3890752,0.34752235,0.31891984,0.36606073
107,48,examples/runs/seed_107/snapshots/grid_049.npy,1.2739267,1.1681306,1.2382096,1.0821126,0.9592742,1.2058752,0.6055576,0.5215423,0.5887372,0.82316685,0.69131666,0.79408,0.60344875,0.52679753,0.6008981,0.49216497,0.34846675,0.38353586,0.35128745,0.31806114,0.3588869
107,49,examples/runs/seed_107/snapshots/grid_050.npy,1.2573485,1.1711566,1.2283814,1.1048573,0.9634547,1.2287439,0.60988593,0.52298665,0.5914707,0.8316059,0.69592947,0.8015567,0.60805506,0.5289242,0.59638244,0.49590847,0.35008284,0.38745433,0.35414428,0.3193168,0.36004442
107,50,examples/runs/seed_107/snapshots/grid_051.npy,1.2365957,1.1694808,1.2186446,1.1252334,0.96256256,1.240037,0.6117286,0.5220511,0.59015036,0.83681643,0.6944413,0.7980795,0.61037755,0.5278017,0.58755326,0.49793768,0.34942076,0.38381088,0.35572752,0.31878114,0.35782385
107,51,examples/runs/seed_107/snapshots/grid_052.npy,1.21786,1.1796324,1.2238474,1.145863,0.9724697,1.2741016,0.6143136,0.52816606,0.59770924,0.8432874,0.70460045,0.8116576,0.6134803,0.5357007,0.60242647,0.50058186,0.3539701,0.3902812,0.35733813,0.32232904,0.36700866
107,52,examples/runs/seed_107/snapshots/grid_053.npy,1.1976632,1.1675693,1.2151525,1.1652751,0.9598979,1.1964327,0.61570907,0.52124584,0.5811251,0.8481802,0.69188935,0.78806365,0.61545813,0.5267623,0.59000224,0.50230986,0.3485784,0.3752905,0.35819358,0.31811678,0.35223868
107,53,examples/runs/seed_107/snapshots/grid_054.npy,1.1752783,1.1741854,1.2360727,1.183979,0.96594524,1.2110415,0.6155838,0.5246026,0.59073484,0.85093105,0.6982054,0.79961145,0.61595726,0.53149974,0.6059451,0.50288343,0.35124844,0.3838343,0.3582201,0.32034487,0.3604683
107,54,examples/runs/seed_107/snapshots/grid_055.npy,1.1533464,1.1667888,1.2143309,1.2030705,0.9595003,1.1829144,0.61562914,0.52151793,0.5779513,0.8528966,0.69169,0.78007096,0.6152965,0.526305,0.5764699,0.50220186,0.34858233,0.3792022,0.35807338,0.3179798,0.34947973
107,55,examples/runs/seed_107/snapshots/grid_056.npy,1.1305455,1.1679199,1.2317512,1.2201585,0.95870054,1.2859612,0.61472994,0.5214076,0.6003494,0.85215527,0.69097453,0.8127793,0.6122496,0.52635777,0.6092012,0.5007086,0.34818643,0.3873969,0.35707527,0.31779313,0.3685366
107,56,examples/runs/seed_107/snapshots/grid_057.npy,1.1076169,1.1737025,1.2209712,1.2387134,0.9646767,1.3392413,0.61269647,0.52495027,0.608196,0.8512072,0.69737476,0.8259611,0.60965484,0.5301747,0.60671407,0.49762252,0.35102147,0.3982252,0.35581017,0.3198176,0.37541378
107,57,examples/runs/seed_107/snapshots/grid_058.npy,1.086558,1.1709176,1.2066433,1.2581794,0.96412253,1.2692704,0.6115711,0.52263993,0.59330285,0.8482265,0.6960571,0.8042054,0.6042374,0.5286749,0.5888884,0.4931387,0.35000795,0.38290364,0.35414928,0.3192525,0.36007118
107,58,examples/runs/seed_107/snapshots/grid_059.npy,1.0660347,1.1737952,1.222634,1.2766997,0.96557313,1.3259145,0.6088159,0.52456796,0.6070417,0.84509695,0.6980602,0.8226533,0.5987822,0.53030753,0.60314775,0.4900229,0.35106286,0.39649045,0.3517827,0.3199715,0.37280536
107,59,examples/runs/seed_107/snapshots/grid_060.npy,1.045195,1.1649814,1.2097297,1.2924845,0.9568747,1.278608,0.60464305,0.51962936,0.59423375,0.83737,0.68875456,0.80383885,0.59170026,0.5238731,0.589895,0.48708135,0.34715638,0.38374054,0.3488341,0.31688988,0.361445
107,60,examples/runs/seed_107/snapshots/grid_061.npy,1.0263112,1.1631668,1.1934382,1.3105972,0.9556539,1.262964,0.5979985,0.5190143,0.58758616,0.83003896,0.6874522,0.79595804,0.5863106,0.52238435,0.57783383,0.47926623,0.34658155,0.38192648,0.34569716,0.31630132,0.35632622
107,61,examples/runs/seed_107/snapshots/grid_062.npy,1.0094777,1.154314,1.18648,1.3253244,0.9478056,1.2524996,0.5961792,0.5141011,0.5824683,0.8227248,0.67875797,0.78737414,0.5779869,0.51569307,0.5704353,0.47704253,0.34237793,0.37478918,0.34290063,0.3130505,0.35130253
107,62,examples/runs/seed_107/snapshots/grid_063.npy,0.99331754,1.1429834,1.154439,1.3345248,0.9375856,1.2447011,0.59087753,0.5073757,0.57456225,0.81502193,0.6677015,0.7778286,0.56565934,0.505981,0.55537933,0.47258866,0.3369658,0.364487,0.3402635,0.30873185,0.34233698
107,63,examples/runs/seed_107/snapshots/grid_064.npy,0.9785027,1.1407341,1.1491369,1.344867,0.9360791,1.2304666,0.5882053,0.50634086,0.5701258,0.80345887,0.666038,0.7702154,0.5568774,0.5044819,0.5452512,0.46234038,0.3361359,0.3617132,0.3370691,0.308052,0.3378628
107,64,examples/runs/seed_107/snapshots/grid_065.npy,0.96251714,1.1262019,1.1291658,1.3557767,0.9221965,1.2430289,0.5813694,0.49904996,0.5661148,0.7940605,0.65118706,0.76179296,0.55019087,0.49140185,0.53165954,0.46007395,0.32908738,0.3557379,0.3331378,0.30198509,0.3332405
107,65,examples/runs/seed_107/snapshots/grid_066.npy,0.94834286,1.1198202,1.116039,1.3617122,0.91599023,1.2792224,0.5719431,0.49597162,0.5689819,0.7852346,0.6446571,0.76655424,0.5428082,0.48449028,0.52905893,0.45453864,0.3259412,0.35916865,0.32959804,0.2988229,0.33626947
107,66,examples/runs/seed_107/snapshots/grid_067.npy,0.9351028,1.1050833,1.113993,1.3723243,0.9044947,1.2334831,0.56688255,0.4880234,0.55663395,0.7724754,0.6281091,0.7452252,0.5299333,0.47135198,0.5246752,0.4408649,0.3187369,0.34353054,0.32559147,0.29216483,0.32729596
107,67,examples/runs/seed_107/snapshots/grid_068.npy,0.92351943,1.0894963,1.1086003,1.3785329,0.8922606,1.2350609,0.55894136,0.47918725,0.55291855,0.75604725,0.6111383,0.73335665,0.51984143,0.45643675,0.5107814,0.43519735,0.31079274,0.34060133,0.3218563,0.28509328,0.32327497
107,68,examples/runs/seed_107/snapshots/grid_069.npy,0.9125546,1.0767286,1.093013,1.3767016,0.88209075,1.2759207,0.5470434,0.47199082,0.5534708,0.73693264,0.59499115,0.7346811,0.50521207,0.4428957,0.51670676,0.43200564,0.30352616,0.33783028,0.31827945,0.27820584,0.3274753
107,69,examples/runs/seed_107/snapshots/grid_070.npy,0.90093434,1.0576457,1.0600842,1.3741336,0.87011164,1.2050827,0.53520525,0.46210676,0.5274424,0.7237061,0.5741225,0.693632,0.49727002,0.4254236,0.4799673,0.41434956,0.29438958,0.3244518,0.31420994,0.26977563,0.30931154
107,70,examples/runs/seed_107/snapshots/grid_071.npy,0.89080936,1.0380607,1.0509003,1.3632982,0.8574305,1.2170459,0.53008264,0.45080477,0.52283776,0.71340513,0.556114,0.6865443,0.49520746,0.41096017,0.4783914,0.4020125,0.2860098,0.31929103,0.309605,0.26263753,0.3086977
107,71,examples/runs/seed_107/snapshots/grid_072.npy,0.8808328,1.0201747,1.0338562,1.3619161,0.8476875,1.1599728,0.52527833,0.43980193,0.5055967,0.70231867,0.54233414,0.659534,0.4866899,0.39800632,0.45856303,0.40229437,0.27962166,0.3121941,0.3046066,0.2567845,0.2975354
107,72,examples/runs/seed_107/snapshots/grid_073.npy,0.8692804,1.0077575,1.0391713,1.3712803,0.8416819,1.2192179,0.5166227,0.43337652,0.51289225,0.694691,0.5322988,0.6655696,0.4680459,0.3889217,0.46720958,0.3823218,0.2754055,0.31293565,0.2992507,0.25261298,0.30597484
107,73,examples/runs/seed_107/snapshots/grid_074.npy,0.8592302,0.9866245,1.0219126,1.3614072,0.8339225,1.1798644,0.53080004,0.42228568,0.49631003,0.6948734,0.5120361,0.6373377,0.4526002,0.3714266,0.44826138,0.3728908,0.267489,0.3037172,0.2942245,0.24474573,0.29631823
107,74,examples/runs/seed_107/snapshots/grid_075.npy,0.8486221,0.9713844,1.0214254,1.3637977,0.82668024,1.07966,0.54138774,0.41387373,0.4736951,0.6885927,0.4966529,0.6015517,0.4211003,0.36047116,0.43596035,0.35526198,0.26170772,0.28812096,0.28902686,0.23968239,0.28160635
107,75,examples/runs/seed_107/snapshots/grid_076.npy,0.8397702,0.9435186,0.9954377,1.3747027,0.81174695,1.1273779,0.5469281,0.39754868,0.469046,0.6690859,0.4674414,0.5914527,0.38368475,0.34527415,0.4236186,0.323944,0.25210345,0.28755924,0.28449818,0.23262562,0.28362072
107,76,examples/runs/seed_107/snapshots/grid_077.npy,0.83191776,0.8816454,0.93327296,1.3737972,0.7753639,1.1069617,0.5505976,0.36400384,0.43702197,0.6595525,0.42245144,0.54726946,0.35080662,0.31719106,0.38927844,0.331335,0.23101835,0.27254033,0.28102174,0.21867603,0.27155012
107,77,examples/runs/seed_107/snapshots/grid_078.npy,0.8250004,0.82669103,0.8993456,1.3752369,0.74714684,1.1062496,0.54195744,0.3361854,0.41971138,0.6404642,0.3923009,0.5212978,0.3201456,0.29378065,0.37074506,0.30896282,0.21612352,0.26632607,0.27732065,0.20777519,0.2671226
107,78,examples/runs/seed_107/snapshots/grid_079.npy,0.8181443,0.8077724,0.89458215,1.3689975,0.73671746,1.0739398,0.5452271,0.32712907,0.40902314,0.63753366,0.3800839,0.50525075,0.30712065,0.2862907,0.36363852,0.28090864,0.21088482,0.25924927,0.2729425,0.20390473,0.26146594
107,79,examples/runs/seed_107/snapshots/grid_080.npy,0.8128845,0.71269023,0.8262878,1.3548076,0.68894583,1.0411605,0.4920639,0.28411576,0.37204018,0.5828372,0.31706756,0.454504,0.29631507,0.24907061,0.33626285,0.26722673,0.18429628,0.23586293,0.2693201,0.18310453,0.24837255
107,80,examples/runs/seed_107/snapshots/grid_081.npy,0.8111713,0.67712283,0.7688881,1.3446052,0.67404956,1.0499738,0.46435913,0.26575217,0.35194916,0.5509494,0.29286426,0.43253425,0.28106835,0.2331816,0.31372175,0.26129314,0.1740837,0.22491133,0.267219,0.17595306,0.24122505
107,81,examples/runs/seed_107/snapshots/grid_082.npy,0.8053189,0.64547527,0.7280425,1.3375745,0.65889823,0.9660364,0.4322909,0.24713156,0.32056364,0.5158738,0.2725515,0.38900208,0.27707028,0.21977472,0.28461438,0.24224637,0.16492462,0.2064305,0.26161113,0.17028503,0.22309402
107,82,examples/runs/seed_107/snapshots/grid_083.npy,0.79836553,0.6169728,0.70092154,1.3280637,0.6418045,0.8566648,0.40760183,0.22815965,0.28806233,0.48592806,0.25382024,0.3429494,0.27119252,0.20818037,0.25974697,0.237224,0.15594931,0.18735814,0.25678596,0.16552415,0.20379694
107,83,examples/runs/seed_107/snapshots/grid_084.npy,0.7927836,0.59674907,0.6733571,1.3313302,0.63036335,0.90615517,0.3898937,0.21534124,0.28392163,0.45639673,0.24010994,0.33729696,0.25949144,0.19932644,0.24827272,0.22639382,0.14935707,0.18873745,0.25339258,0.16154598,0.20694506
107,84,examples/runs/seed_107/snapshots/grid_085.npy,0.7906115,0.5723695,0.6245508,1.2911065,0.6154989,0.82804495,0.36800307,0.19845372,0.25439724,0.41646367,0.2240571,0.3016317,0.21472555,0.18907154,0.22516632,0.23023172,0.14126474,0.17072594,0.25072113,0.15715685,0.18971196
107,85,examples/runs/seed_107/snapshots/grid_086.npy,0.78768325,0.5485567,0.60120213,1.2462966,0.60254693,0.8428071,0.3461427,0.18319687,0.24325868,0.4043009,0.20790315,0.28422552,0.22559065,0.1788121,0.21242458,0.25022697,0.13375768,0.16414359,0.24736218,0.15260544,0.18797275
107,86,examples/runs/seed_107/snapshots/grid_087.npy,0.7851691,0.53286016,0.5771686,1.1932898,0.5939851,0.81052357,0.31382462,0.17316505,0.22724828,0.38603833,0.19722134,0.26341933,0.24139434,0.17248641,0.19964829,0.279925,0.12879878,0.15465906,0.24597508,0.14961249,0.18024696
107,87,examples/runs/seed_107/snapshots/grid_088.npy,0.78358877,0.5152285,0.5438179,1.1787753,0.584184,0.7826548,0.27376577,0.16200224,0.20989805,0.32708603,0.18525302,0.24220216,0.22276494,0.16548184,0.18421862,0.24236532,0.12308161,0.14541362,0.24213465,0.14607611,0.17218356
107,88,examples/runs/seed_107/snapshots/grid_089.npy,0.7796182,0.5082699,0.53567743,1.175664,0.58019584,0.72669804,0.28069815,0.15733044,0.1965951,0.33874106,0.18045366,0.22373892,0.22735195,0.16281906,0.17419317,0.22259554,0.120775625,0.13871378,0.23678611,0.14475584,0.1634213
107,89,examples/runs/seed_107/snapshots/grid_090.npy,0.7768863,0.50994647,0.53797054,1.1594925,0.5810119,0.7103848,0.29512525,0.1582759,0.19500114,0.32801002,0.1816867,0.22163425,0.20462482,0.16359717,0.17350134,0.20326442,0.121317506,0.13762671,0.23497577,0.14514798,0.16135195
107,90,examples/runs/seed_107/snapshots/grid_091.npy,0.7740854,0.49879932,0.5153887,1.1795976,0.5746643,0.6917639,0.30015704,0.15106939,0.18327756,0.3354091,0.17410633,0.20816253,0.20519844,0.15932275,0.16541177,0.20655136,0.11769358,0.12904991,0.23005737,0.14299496,0.15566075
107,91,examples/runs/seed_107/snapshots/grid_092.npy,0.77191186,0.48217297,0.48870823,1.2337447,0.56544864,0.6614065,0.23356584,0.14037536,0.16709626,0.23352987,0.16284913,0.18591556,0.16500977,0.15254425,0.14724274,0.1320271,0.11224974,0.12175405,0.2368594,0.1396341,0.14749013
107,92,examples/runs/seed_107/snapshots/grid_093.npy,0.7686051,0.47765842,0.48254803,1.151318,0.5628508,0.6437537,0.25110292,0.1374134,0.161402,0.25107807,0.15970868,0.17863548,0.17162466,0.15080382,0.14535853,0.13730498,0.11077343,0.117052324,0.23431696,0.13879018,0.14442012
107,93,examples/runs/seed_107/snapshots/grid_094.npy,0.76791567,0.47286177,0.47224545,1.1745075,0.5600406,0.6359565,0.19540541,0.13421397,0.1561817,0.19538072,0.15643919,0.17244896,0.17098105,0.14881107,0.14059502,0.13679382,0.10915691,0.11358082,0.23334326,0.13780625,0.1417428
107,94,examples/runs/seed_107/snapshots/grid_095.npy,0.7643453,0.46603227,0.4605732,1.0523083,0.55616903,0.6227099,0.1990789,0.12968042,0.14894949,0.19906184,0.15174457,0.16245753,0.1742004,0.14586122,0.13354072,0.13936174,0.106857896,0.108757645,0.23360966,0.13638419,0.13795766
107,95,examples/runs/seed_107/snapshots/grid_096.npy,0.7603218,0.46953192,0.46669784,1.0462983,0.5580677,0.6163302,0.20131382,0.13195412,0.15046902,0.20129725,0.15415418,0.16503835,0.17615385,0.14746141,0.13650209,0.14091857,0.108036965,0.11007106,0.23070431,0.1371541,0.13821961
107,96,examples/runs/seed_107/snapshots/grid_097.npy,0.75805914,0.46217868,0.45548657,1.0341814,0.55400515,0.620864,0.20401491,0.12713614,0.14590462,0.20400126,0.14905146,0.15798885,0.17852189,0.14417699,0.1308018,0.1428078,0.10556695,0.10623951,0.22537655,0.13559312,0.13676941
107,97,examples/runs/seed_107/snapshots/grid_098.npy,0.75608456,0.4608095,0.45377952,1.0567633,0.5530019,0.58133155,0.20436692,0.1260715,0.13847055,0.20435463,0.14814949,0.14870942,0.178829,0.14380722,0.12751716,0.14305447,0.105107576,0.10179739,0.22006634,0.13542284,0.13126087
107,98,examples/runs/seed_107/snapshots/grid_099.npy,0.75267774,0.45927715,0.45031685,1.0526876,0.5523017,0.6090173,0.19699724,0.12516484,0.141817,0.19699372,0.1470801,0.15243715,0.17237699,0.142918,0.12607464,0.13790719,0.10456993,0.10460769,0.21975875,0.13497728,0.13426742
107,99,examples/runs/seed_107/snapshots/grid_100.npy,0.75008607,0.45493245,0.4419317,1.039963,0.54976547,0.59283674,0.19670579,0.12224376,0.13568455,0.1967086,0.14404613,0.14481741,0.1721187,0.1411466,0.12162419,0.13771066,0.10310005,0.100549385,0.22048698,0.13409764,0.13080525
107,100,examples/runs/seed_107/snapshots/grid_101.npy,0.7479866,0.45860106,0.44753537,1.0240402,0.5518999,0.59982705,0.19125716,0.124684125,0.13932864,0.19126467,0.14657503,0.14964473,0.16735226,0.14271781,0.124366865,0.1338983,0.10433574,0.1031307,0.2218011,0.13484527,0.13258311
107,101,examples/runs/seed_107/snapshots/grid_102.npy,0.74619335,0.4471755,0.42841884,0.8793483,0.5453739,0.57574844,0.20474826,0.11718069,0.12695137,0.20474067,0.13867584,0.13365826,0.17913608,0.13792747,0.11604144,0.1433252,0.10053676,0.09371406,0.22123437,0.132541,0.12651962
107,102,examples/runs/seed_107/snapshots/grid_103.npy,0.7456234,0.45006302,0.4332275,0.91441345,0.5470692,0.580402,0.20728795,0.11911535,0.12972987,0.20728113,0.1406605,0.13727653,0.18136017,0.13917424,0.11853276,0.14510283,0.10151863,0.09549877,0.2174711,0.13313961,0.12788665
107,103,examples/runs/seed_107/snapshots/grid_104.npy,0.7448222,0.45157132,0.43551055,0.96097213,0.547894,0.5892355,0.20871253,0.12006706,0.13221526,0.2087064,0.1417484,0.14036685,0.18260837,0.13973533,0.118611574,0.14609993,0.1019993,0.097822174,0.21573135,0.13341875,0.12922342
107,104,examples/runs/seed_107/snapshots/grid_105.npy,0.7442685,0.45084688,0.4337676,1.0028749,0.54745173,0.5824086,0.20922446,0.11956698,0.13056296,0.20921893,0.14125237,0.13832426,0.18305781,0.13945076,0.11731769,0.14645815,0.10174771,0.09706433,0.21362644,0.13326791,0.12808827
107,105,examples/runs/seed_107/snapshots/grid_106.npy,0.7437312,0.45390055,0.43859464,1.0555874,0.5492247,0.5873339,0.20872091,0.12162593,0.13345833,0.20871593,0.14336851,0.14235133,0.18261856,0.14079264,0.120394245,0.14610556,0.10279608,0.09874642,0.21330702,0.13391489,0.12956163
107,106,examples/runs/seed_107/snapshots/grid_107.npy,0.74201715,0.44399664,0.42324728,0.91862077,0.54358804,0.5755191,0.19846387,0.11509645,0.12462729,0.19846204,0.13648096,0.13029602,0.17364773,0.13649876,0.11260155,0.13892643,0.0994582,0.09274903,0.22272567,0.13184921,0.12561479
107,107,examples/runs/seed_107/snapshots/grid_108.npy,0.7408078,0.4470758,0.42831993,0.89275867,0.54533625,0.580129,0.20188309,0.117111444,0.1276469,0.20188144,0.13863727,0.1341488,0.17664036,0.13778917,0.114406794,0.14131972,0.10048404,0.095210224,0.22123903,0.13247399,0.12695405
107,108,examples/runs/seed_107/snapshots/grid_109.npy,0.740006,0.44399667,0.4232471,0.9114828,0.54358804,0.5755193,0.20460026,0.11509648,0.12462732,0.20459878,0.13648096,0.13029614,0.17901862,0.13649876,0.11260155,0.14322159,0.0994582,0.09274909,0.21514897,0.13184923,0.12561479
107,109,examples/runs/seed_107/snapshots/grid_110.npy,0.7389878,0.4470758,0.42832005,0.95833457,0.54533625,0.5801288,0.20617306,0.11711143,0.12764692,0.20617174,0.13863736,0.13414875,0.18039548,0.13778915,0.11440691,0.1443224,0.10048404,0.095210165,0.21355705,0.132474,0.12695408
107,110,examples/runs/seed_107/snapshots/grid_111.npy,0.73830706,0.44399664,0.42324695,1.0425011,0.543588,0.5755192,0.20605399,0.11509645,0.12462728,0.20605278,0.13648096,0.13029605,0.18029188,0.13649876,0.11260161,0.14423892,0.09945822,0.092749,0.2065501,0.13184921,0.12561479
107,111,examples/runs/seed_107/snapshots/grid_112.npy,0.73744726,0.44707572,0.4283199,1.1482509,0.5453362,0.5801289,0.20401855,0.117111385,0.12764688,0.20401746,0.13863727,0.13414875,0.17851141,0.13778917,0.11440688,0.142814,0.10048403,0.095210105,0.20339407,0.13247398,0.12695405
107,112,examples/runs/seed_107/snapshots/grid_113.npy,0.73794407,0.4416408,0.41899815,1.0971088,0.54226565,0.5685917,0.21312104,0.113557145,0.12167235,0.21311586,0.1348671,0.12638062,0.18647,0.1355139,0.11029479,0.14916615,0.098680064,0.0906723,0.2012169,0.13137177,0.124016464
107,113,examples/runs/seed_107/snapshots/grid_114.npy,0.0,0.43991983,0.4156473,0.0,0.5412754,0.56378436,0.0,0.11241047,0.11948341,0.0,0.13369998,0.123565584,0.0,0.13480248,0.10868582,0.0,0.09810926,0.08889079,0.0,0.13103093,0.12279632
107,114,examples/runs/seed_107/snapshots/grid_115.npy,0.0,0.43991983,0.4156473,0.0,0.5412754,0.56378436,0.0,0.11241047,0.11948341,0.0,0.13369998,0.123565584,0.0,0.13480248,0.10868582,0.0,0.09810926,0.08889079,0.0,0.13103093,0.12279632
107,115,examples/runs/seed_107/snapshots/grid_116.npy,0.0,0.43991983,0.4156473,0.0,0.5412754,0.56378436,0.0,0.11241047,0.11948341,0.0,0.13369998,0.123565584,0.0,0.13480248,0.10868582,0.0,0.09810926,0.08889079,0.0,0.13103093,0.12279632
107,116,examples/runs/seed_107/snapshots/grid_117.npy,0.0,0.43991983,0.4156473,0.0,0.5412755,0.56378436,0.0,0.112410456,0.11948341,0.0,0.13369998,0.123565584,0.0,0.13480248,0.10868582,0.0,0.09810926,0.08889079,0.0,0.13103095,0.12279632
107,117,examples/runs/seed_107/snapshots/grid_118.npy,0.0,0.43991977,0.41564772,0.0,0.5412755,0.5637839,0.0,0.112410456,0.11948338,0.0,0.13369998,0.123565435,0.0,0.13480245,0.10868597,0.0,0.098109275,0.08889066,0.0,0.13103095,0.1227963
107,118,examples/runs/seed_107/snapshots/grid_119.npy,0.0,0.43991977,0.41564757,0.0,0.54127544,0.56378424,0.0,0.112410456,0.11948341,0.0,0.13369998,0.123565465,0.0,0.13480243,0.108685836,0.0,0.09810926,0.08889082,0.0,0.13103095,0.12279632
107,119,examples/runs/seed_107/snapshots/grid_120.npy,0.0,0.43991977,0.4156472,0.0,0.5412755,0.5637845,0.0,0.11241047,0.11948341,0.0,0.13370007,0.123565584,0.0,0.13480245,0.108685836,0.0,0.09810929,0.08889076,0.0,0.13103093,0.12279632
